source_rank,weight_scale,timeframe,fast_days,mid_days,slow_days,long_days,bear_on,ret_slow_max,ret_mid_max,short_sma_mult,fast_sma_mult,rebound_ret_max,short_target_vol,short_cap,max_short,short_base,short_conf,trend_on,ret_slow_min,ret_mid_min,long_sma_mult,long_target_vol,long_cap,max_long,vol_ceiling,vol_floor_q,vol_floor_min,transaction_cost_bps,pass_target,score,max_abs_weight,train_annual_return,train_total_return,train_sharpe,train_max_drawdown,train_avg_abs_exposure,train_avg_turnover,validation_annual_return,validation_total_return,validation_sharpe,validation_max_drawdown,validation_avg_abs_exposure,validation_avg_turnover,locked_test_annual_return,locked_test_total_return,locked_test_sharpe,locked_test_max_drawdown,locked_test_avg_abs_exposure,locked_test_avg_turnover
1,1.75,4h,3.0,10.0,30.0,90.0,0.56,-0.08,-0.04,0.98,1.0,0.08,0.35,1.0,1.0,0.65,0.55,0.68,0.0,0.0,1.02,0.16,0.1,0.1,0.45,0.1,0.2,6.0,True,2.196842922442415,1.75,0.006176178257966569,0.03129949965603407,0.11850664896088323,-0.09790811346694239,0.03890405483396096,0.010575739265873147,0.2536169345883805,0.2297803844051589,1.5713939172500193,-0.05796513359699884,0.0764570295227284,0.013231835501252568,1.1968709150191317,0.3264016509850691,3.746696200870055,-0.03762233948116389,0.09672536620474545,0.017545282520446435
2,2.0,4h,3.0,10.0,30.0,90.0,0.8,-0.08,0.01,0.98,1.0,0.08,0.9,0.85,0.85,0.35,1.0,0.68,0.08,0.01,1.04,0.06,0.0,0.0,0.45,0.5,0.15,6.0,True,2.1845354640165313,1.7,-0.051890359270130304,-0.23411068455395578,-0.4539913512140911,-0.3192944449485856,0.03179164386060938,0.011165845648604266,0.3195571645408284,0.2888431265552194,1.738425410901753,-0.05652337327199719,0.056836327345309384,0.015269461077844312,1.1697643254607009,0.32050439768527306,3.795895466267192,-0.03654741549598772,0.0648854961832061,0.017302798982188294
1,1.6,4h,3.0,10.0,30.0,90.0,0.56,-0.08,-0.04,0.98,1.0,0.08,0.35,1.0,1.0,0.65,0.55,0.68,0.0,0.0,1.02,0.16,0.1,0.1,0.45,0.1,0.2,6.0,True,1.9447116910634765,1.6,0.005877548442855041,0.029768301219866178,0.11850664896088327,-0.08979071701584862,0.03556942156247861,0.009669247328798309,0.23061778158066382,0.20911856113987537,1.5713939172500193,-0.05308450359869821,0.06990356984935168,0.012097678172573777,1.0572539284736573,0.29550864352245476,3.746696200870054,-0.03439756752563561,0.08843462053005299,0.01604140116155103
2,1.75,4h,3.0,10.0,30.0,90.0,0.8,-0.08,0.01,0.98,1.0,0.08,0.9,0.85,0.85,0.35,1.0,0.68,0.08,0.01,1.04,0.06,0.0,0.0,0.45,0.5,0.15,6.0,True,1.813394201973133,1.4875,-0.044964131965455345,-0.2056920090578438,-0.4539913512140912,-0.2846178586001168,0.027817688378033206,0.009770114942528737,0.2764936230532056,0.2503002726718828,1.738425410901753,-0.04957470907968098,0.04973178642714571,0.013360778443113772,0.9741851990475345,0.2764856244085139,3.795895466267192,-0.031978988558989396,0.056774809160305355,0.015139949109414758
1,1.5,4h,3.0,10.0,30.0,90.0,0.56,-0.08,-0.04,0.98,1.0,0.08,0.35,1.0,1.0,0.65,0.55,0.68,0.0,0.0,1.02,0.16,0.1,0.1,0.45,0.1,0.2,6.0,True,1.7846897914018822,1.5,0.005654326740796911,0.028624939932303306,0.11850664896088331,-0.08435084362663237,0.033346332714823686,0.009064919370748414,0.21541322122015694,0.1954412099332843,1.5713939172500193,-0.04982165797252558,0.06553459673376719,0.011341573286787917,0.9687761473923002,0.2752292779272023,3.746696200870054,-0.032247719555283494,0.0829074567469247,0.01503881358895409
1,1.4,4h,3.0,10.0,30.0,90.0,0.56,-0.08,-0.04,0.98,1.0,0.08,0.35,1.0,1.0,0.65,0.55,0.68,0.0,0.0,1.02,0.16,0.1,0.1,0.45,0.1,0.2,6.0,True,1.6308582324549987,1.4,0.0054118122249329215,0.02738391074072566,0.11850664896088318,-0.07888828592699093,0.031123243867168773,0.008460591412698518,0.20031189340455535,0.18184233039387587,1.5713939172500186,-0.046551528330708414,0.061165623618182716,0.010585468401002053,0.8838236565117887,0.25520041657946924,3.7466962008700553,-0.03009787158493127,0.07738029296379635,0.014036226016357149
4,2.0,4h,3.0,10.0,30.0,90.0,0.56,-0.08,0.01,1.02,1.0,0.0,0.7,0.7,0.7,0.65,1.0,0.68,0.08,0.0,1.02,0.16,0.1,0.1,0.45,0.1,0.2,6.0,True,1.6068021928802398,1.4,-0.020490066771115756,-0.09843933318178277,-0.15130335224491778,-0.2772152130956004,0.047290640394088666,0.015945995256340082,0.2566383278867992,0.2324923186949286,1.6839793160904952,-0.049370243414022186,0.08502994011976048,0.016966067864271458,0.8421275784154583,0.24515762455110535,3.5787346781840523,-0.030097871584931157,0.08371501272264631,0.015776081424936386
2,1.6,4h,3.0,10.0,30.0,90.0,0.8,-0.08,0.01,0.98,1.0,0.08,0.9,0.85,0.85,0.35,1.0,0.68,0.08,0.01,1.04,0.06,0.0,0.0,0.45,0.5,0.15,6.0,True,1.6050287289973424,1.36,-0.040866379429122635,-0.18848550673312348,-0.45399135121409095,-0.26313702402003203,0.025433315088487504,0.008932676518883414,0.2510821885920602,0.2275048255364709,1.738425410901753,-0.04538958543758398,0.04546906187624751,0.01221556886227545,0.864806037985927,0.25063775467777183,3.7958954662671913,-0.02923793239679018,0.051908396946564885,0.013842239185750636
2,1.5,4h,3.0,10.0,30.0,90.0,0.8,-0.08,0.01,0.98,1.0,0.08,0.9,0.85,0.85,0.35,1.0,0.68,0.08,0.01,1.04,0.06,0.0,0.0,0.45,0.5,0.15,6.0,True,1.4717910327465975,1.275,-0.03815901338912908,-0.17695455994180875,-0.4539913512140912,-0.24852976540945626,0.023843732895457034,0.008374384236453201,0.23431933911566571,0.21244614027071718,1.738425410901753,-0.04259285617812947,0.04262724550898203,0.011452095808383233,0.7950335954896708,0.23363787200020836,3.7958954662671927,-0.027410561621990848,0.04866412213740458,0.012977099236641221
4,1.75,4h,3.0,10.0,30.0,90.0,0.56,-0.08,0.01,1.02,1.0,0.0,0.7,0.7,0.7,0.65,1.0,0.68,0.08,0.0,1.02,0.16,0.1,0.1,0.45,0.1,0.2,6.0,True,1.3530564490577728,1.2249999999999999,-0.017387124844742252,-0.0840526469662406,-0.1513033522449176,-0.24620353124485883,0.041379310344827586,0.013952745849297572,0.22256626726261763,0.20187757347711965,1.6839793160904963,-0.04325675848796173,0.07440119760479041,0.014845309381237523,0.7095096976014059,0.21221195576600538,3.5787346781840537,-0.02633563763681479,0.07325063613231553,0.013804071246819335
2,1.4,4h,3.0,10.0,30.0,90.0,0.8,-0.08,0.01,0.98,1.0,0.08,0.9,0.85,0.85,0.35,1.0,0.68,0.08,0.01,1.04,0.06,0.0,0.0,0.45,0.5,0.15,6.0,True,1.342933774416252,1.19,-0.03547139497238938,-0.16537840851784025,-0.453991351214091,-0.23369003885271245,0.02225415070242656,0.00781609195402299,0.21769911152580068,0.19749841976425464,1.738425410901753,-0.0397908030889399,0.03978542914171656,0.010688622754491017,0.7276858643017048,0.21682209046501066,3.795895466267192,-0.025583190847191406,0.04541984732824427,0.012111959287531806
20,2.0,4h,3.0,10.0,30.0,90.0,0.5,-0.08,0.01,1.0,1.02,0.0,0.18,1.0,1.0,0.45,0.75,0.62,0.0,0.02,1.0,0.03,0.0,0.0,0.45,0.1,0.35,6.0,True,1.237786449289922,1.2342857142857144,-0.03932858311398035,-0.18195185175094897,-0.5136986754399118,-0.26270184436684396,0.022352311915132997,0.008815635293788303,0.2021015780869051,0.18345471287525683,1.6961914813722734,-0.04567180493215928,0.040308021742234725,0.010457895079499898,0.6972133834962664,0.2090753169752606,3.7901933820561813,-0.025659589763001533,0.04107766621993251,0.008310621938702719
2,1.3,4h,3.0,10.0,30.0,90.0,0.8,-0.08,0.01,0.98,1.0,0.08,0.9,0.85,0.85,0.35,1.0,0.68,0.08,0.01,1.04,0.06,0.0,0.0,0.45,0.5,0.15,6.0,True,1.218326070622755,1.105,-0.032803671555212244,-0.1537594647744741,-0.45399135121409095,-0.2186151657893105,0.0206645685093961,0.007257799671592775,0.20122159595680333,0.1826619351566776,1.7384254109017534,-0.036983420713379456,0.036943612774451094,0.009925149700598802,0.6626857544327165,0.2001891036589727,3.795895466267191,-0.023755820072392186,0.042175572519083965,0.011246819338422392
4,1.6,4h,3.0,10.0,30.0,90.0,0.56,-0.08,0.01,1.02,1.0,0.0,0.7,0.7,0.7,0.65,1.0,0.68,0.08,0.0,1.02,0.16,0.1,0.1,0.45,0.1,0.2,6.0,True,1.2085371416716315,1.1199999999999999,-0.015598561208346129,-0.07567694291669103,-0.15130335224491773,-0.227115770621086,0.03783251231527094,0.012756796205072068,0.2023940950297498,0.18371823107628016,1.6839793160904963,-0.039580763782482875,0.06802395209580837,0.013572854291417165,0.6341999212406342,0.1927683525908801,3.578734678184053,-0.02407829726794486,0.06697201017811706,0.01262086513994911
0,2.0,4h,5.0,15.0,45.0,120.0,0.74,-0.05,0.01,0.98,1.04,0.04,0.7,1.0,1.0,0.35,1.0,0.68,0.0,0.02,1.02,0.1,0.1,0.1,0.45,0.5,0.25,6.0,False,4.226153127248892,2.0,-0.04530179946542301,-0.2070967513923817,-0.2864411201338743,-0.3872737109654415,0.06610785164148711,0.013676261026701554,0.11994726255592703,0.10922372125789637,0.6091905204139189,-0.11765431578207797,0.17085604273050295,0.033528452726474964,3.3906634305086047,0.7006177606132775,3.6052532830282717,-0.04299695940704451,0.11170483460559796,0.04071246819338423
0,1.75,4h,5.0,15.0,45.0,120.0,0.74,-0.05,0.01,0.98,1.04,0.04,0.7,1.0,1.0,0.35,1.0,0.68,0.0,0.02,1.02,0.1,0.1,0.1,0.45,0.5,0.25,6.0,False,3.098132634765629,1.75,-0.0388294853754384,-0.17982230510190877,-0.2864411201338741,-0.346282952399659,0.0578443701863012,0.011966728398363859,0.107214046525,0.09767792777140794,0.6091905204139189,-0.103521883781442,0.14949903738919007,0.02933739613566559,2.682220034762029,0.5965374526271912,3.605253283028273,-0.03762233948116389,0.09774173027989823,0.035623409669211195
13,2.0,4h,5.0,15.0,45.0,120.0,0.68,0.0,0.03,1.04,1.02,0.04,0.5,1.0,1.0,0.55,0.35,0.86,0.04,0.0,1.02,0.16,0.1,0.1,0.45,0.2,0.35,6.0,False,2.89025433076848,2.0,-0.11653345662990744,-0.4621567915500059,-0.6008412226609187,-0.5411591101104274,0.12534032574446008,0.030276005382814945,0.07375058757822073,0.06728090872072179,0.3819569919454364,-0.26246615031188536,0.29694483812501127,0.05956884802946827,4.502803352155331,0.8441601730057642,3.831553079523538,-0.12136199461159047,0.2714102599074326,0.07023669543540774
5,2.0,4h,2.0,7.0,21.0,60.0,0.62,0.05,0.0,1.06,1.0,0.12,0.5,1.0,1.0,0.35,0.75,0.86,0.0,0.01,1.04,0.06,0.0,0.0,0.45,0.2,0.2,6.0,False,2.7508806145363898,2.0,-0.10359229733438424,-0.4215475630316542,-0.43389741039652985,-0.46208131836922617,0.12409606726856287,0.05273748156404003,0.0848812575679243,0.07740042438883532,0.4142942780600828,-0.1902302023340533,0.2732904360455357,0.09777144750071036,4.042864186117624,0.7872847946546782,3.4510186714736997,-0.15440457372078964,0.3317735019098167,0.0924374219162682
1,2.0,4h,3.0,10.0,30.0,90.0,0.56,-0.08,-0.04,0.98,1.0,0.08,0.35,1.0,1.0,0.65,0.55,0.68,0.0,0.0,1.02,0.16,0.1,0.1,0.45,0.1,0.2,6.0,False,2.59065727123709,2.0,0.006577253793190518,0.033358845731547904,0.11850664896088327,-0.11132445932422541,0.04446177695309825,0.012086559160997882,0.29245666008941584,0.2646002432295065,1.571393917250019,-0.06606322044310409,0.0873794623116896,0.015122097715717223,1.4491280563073161,0.3791700697378426,3.7466962008700553,-0.04299695940704451,0.11054327566256623,0.020051751451938785
0,1.6,4h,5.0,15.0,45.0,120.0,0.74,-0.05,0.01,0.98,1.04,0.04,0.7,1.0,1.0,0.35,1.0,0.68,0.0,0.02,1.02,0.1,0.1,0.1,0.45,0.5,0.25,6.0,False,2.5079559092339827,1.6,-0.03505352277749563,-0.1635668995697075,-0.2864411201338743,-0.3207173712209741,0.05288628131318968,0.010941008821361243,0.09923900270813735,0.09044085081937991,0.6091905204139189,-0.09496496235718532,0.1366848341844024,0.02682276218117997,2.3094358612973225,0.536532799458808,3.605253283028273,-0.03439756752563561,0.08936386768447838,0.03256997455470738
3,2.0,4h,2.0,7.0,21.0,60.0,0.56,-0.08,-0.04,0.98,1.0,0.08,0.35,1.0,1.0,0.65,0.55,0.68,0.0,0.0,1.02,0.16,0.1,0.1,0.45,0.1,0.2,6.0,False,2.4017431643112577,2.0,0.048374627376248425,0.2667617096801367,0.48281923331860643,-0.12232132599618739,0.0422398710357135,0.012971227432905423,0.16270283735193258,0.14791141394477636,1.0767810724036435,-0.06353598059139676,0.06612306259961064,0.014999794594271556,1.5918008134758894,0.40748353083194777,3.8647954877792046,-0.04299695940704451,0.14021205642514645,0.018829516539440205
0,1.5,4h,5.0,15.0,45.0,120.0,0.74,-0.05,0.01,0.98,1.04,0.04,0.7,1.0,1.0,0.35,1.0,0.68,0.0,0.02,1.02,0.1,0.1,0.1,0.45,0.5,0.25,6.0,False,2.147085780001372,1.5,-0.032581461125243516,-0.15278584555855435,-0.286441120133874,-0.30326241624066064,0.049580888731115325,0.010257195770026165,0.0937857077347477,0.08548960801882477,0.6091905204139191,-0.08922790330190666,0.12814203204787722,0.02514633954485622,2.080609696814728,0.49752372604883144,3.6052532830282717,-0.03224771955528338,0.08377862595419847,0.030534351145038167
7,2.0,4h,2.0,7.0,21.0,60.0,0.8,-0.08,-0.02,1.06,1.04,0.02,0.9,0.85,0.85,0.45,0.55,0.74,0.0,0.04,1.02,0.03,0.0,0.0,0.45,0.1,0.2,6.0,False,2.136860588351294,1.7,-0.011738589094879903,-0.057392071302163616,-0.05189707964657397,-0.23857238592527097,0.02806969531107462,0.008064221857325306,0.11277883537259759,0.10272515786219594,0.9122169195084545,-0.05313893581628293,0.02035928143712575,0.006786427145708583,1.7174997065417035,0.4316116369087255,4.492400224014404,-0.036547415495987834,0.11030534351145037,0.030279898218829517
8,2.0,4h,2.0,7.0,21.0,60.0,0.8,-0.08,0.01,0.98,1.0,0.08,0.9,0.85,0.85,0.35,1.0,0.68,0.08,0.01,1.04,0.06,0.0,0.0,0.45,0.5,0.15,6.0,False,2.096440767258536,1.7,-0.018280782435979526,-0.08821475985544369,-0.11389709281120222,-0.25243623434005535,0.02620872103630724,0.012406495165115855,0.07950368444498324,0.07251247799339988,0.6573463595052552,-0.05313893581628282,0.018662674650698603,0.010179640718562874,1.8890580270592299,0.4634143756502196,4.379731797831246,-0.036547415495987834,0.0930025445292621,0.025954198473282442
0,1.4,4h,5.0,15.0,45.0,120.0,0.74,-0.05,0.01,0.98,1.04,0.04,0.7,1.0,1.0,0.35,1.0,0.68,0.0,0.02,1.02,0.1,0.1,0.1,0.45,0.5,0.25,6.0,False,1.8104684051223319,1.4,-0.03014586542876252,-0.14205535803211022,-0.286441120133874,-0.2854748899903574,0.04627549614904096,0.009573382718691084,0.08822488879987778,0.080438580812219,0.6091905204139189,-0.08346479358254888,0.11959922991135205,0.02346991690853247,1.866464166536193,0.45929651218584144,3.6052532830282735,-0.030097871584931157,0.07819338422391858,0.028498727735368955
3,1.75,4h,2.0,7.0,21.0,60.0,0.56,-0.08,-0.04,0.98,1.0,0.08,0.35,1.0,1.0,0.65,0.55,0.68,0.0,0.0,1.02,0.16,0.1,0.1,0.45,0.1,0.2,6.0,False,1.798808004394099,1.75,0.04287743998771587,0.23386109833487811,0.48281923331860643,-0.10759524612634663,0.03695988715624931,0.011349824003792244,0.14233195091255446,0.1294940174875805,1.0767810724036437,-0.05551801232489506,0.0578576797746593,0.013124820269987613,1.308933088801592,0.3502986271516859,3.864795487779206,-0.03762233948116389,0.12268554937200316,0.01647582697201018
5,1.75,4h,2.0,7.0,21.0,60.0,0.62,0.05,0.0,1.06,1.0,0.12,0.5,1.0,1.0,0.35,0.75,0.86,0.0,0.01,1.04,0.06,0.0,0.0,0.45,0.2,0.2,6.0,False,1.7813152823876575,1.75,-0.08919320661002184,-0.3735174420905665,-0.4338974103965297,-0.4137461371508051,0.10858405885999253,0.046145296368535024,0.07983392155305347,0.0728127065913764,0.414294278060083,-0.16550761211353227,0.23912913153984375,0.08555001656312157,3.1713492287666405,0.6696283223937907,3.4510186714736997,-0.13597568281114236,0.29030181417108963,0.08088274417673467
13,1.75,4h,5.0,15.0,45.0,120.0,0.68,0.0,0.03,1.04,1.02,0.04,0.5,1.0,1.0,0.55,0.35,0.86,0.04,0.0,1.02,0.16,0.1,0.1,0.45,0.2,0.35,6.0,False,1.720848702518508,1.75,-0.10114927494016612,-0.4136133171392463,-0.6008412226609184,-0.4906186586455954,0.1096727850264026,0.02649150470996308,0.06996543723147197,0.06383759054699856,0.38195699194543625,-0.2325153290715436,0.2598267333593849,0.052122742025784735,3.494941287789713,0.7150047784308287,3.8315530795235357,-0.10664544358000594,0.2374839774190035,0.061457108505981774
11,2.0,4h,2.0,7.0,21.0,60.0,0.56,-0.08,0.01,1.02,1.0,0.0,0.7,0.7,0.7,0.65,1.0,0.68,0.08,0.0,1.02,0.16,0.1,0.1,0.45,0.1,0.2,6.0,False,1.7136031065300643,1.4,0.0020397627081554237,0.010251784614177417,0.06889191030412613,-0.2135405714120624,0.03590585659551177,0.01598248494800219,0.10958645666152345,0.09982995236422076,0.9857289226811426,-0.04388586450414489,0.04331337325349301,0.01337325349301397,1.4483717050793508,0.37901718952627617,4.405132307447222,-0.03009787158493127,0.09796437659033079,0.03307888040712468
10,2.0,4h,2.0,7.0,21.0,60.0,0.56,-0.08,0.03,1.04,1.01,0.02,0.7,0.7,0.7,0.55,0.35,0.8,0.04,0.02,1.0,0.06,0.0,0.0,0.45,0.1,0.35,6.0,False,1.6824897993162087,1.4,-0.008286053078987887,-0.04079307753561501,-0.026719154115908212,-0.24533562455386648,0.03588761174968071,0.009961685823754788,0.10814173837672225,0.09851948807400834,0.9246589539286495,-0.07323593207211354,0.0279441117764471,0.012574850299401197,1.5835709183659037,0.4058778581308433,4.605557556889626,-0.034160211368390314,0.10687022900763359,0.024936386768447834
6,2.0,4h,2.0,7.0,21.0,60.0,0.56,-0.08,0.01,1.02,0.99,0.0,0.9,0.7,0.7,0.65,0.35,0.8,0.02,0.02,1.0,0.06,0.16,0.16,0.45,0.35,0.35,6.0,False,1.6725444668637768,1.4,0.08530207490520181,0.5064265611705847,1.0728193004974937,-0.06628043934951322,0.029760628339417325,0.010773566253725973,0.1436991566328083,0.13073098136067807,1.2688469830937017,-0.043885864504145,0.0494371760560356,0.015517228111832522,1.1409946827753767,0.31419343537410405,4.144549638925488,-0.030097871584931046,0.10271763349841168,0.027687471819382907
7,1.75,4h,2.0,7.0,21.0,60.0,0.8,-0.08,-0.02,1.06,1.04,0.02,0.9,0.85,0.85,0.45,0.55,0.74,0.0,0.04,1.02,0.03,0.0,0.0,0.45,0.1,0.2,6.0,False,1.5045106440375853,1.4875,-0.009625913583248269,-0.04726235880071672,-0.05189707964657411,-0.21082359452482125,0.024560983397190296,0.007056194125159642,0.09891602031204605,0.09014766169436483,0.9122169195084542,-0.04659016348773992,0.017814371257485032,0.00593812375249501,1.4050101559399488,0.3702014630490371,4.492400224014404,-0.031978988558989396,0.0965171755725191,0.026494910941475824
0,1.3,4h,5.0,15.0,45.0,120.0,0.74,-0.05,0.01,0.98,1.04,0.04,0.7,1.0,1.0,0.35,1.0,0.68,0.0,0.02,1.02,0.1,0.1,0.1,0.45,0.5,0.25,6.0,False,1.496645179414347,1.3,-0.02774696351944672,-0.13138049314249145,-0.2864411201338742,-0.2673517974799733,0.04297010356696661,0.008889569667356007,0.08255808643532725,0.0752890304872833,0.6091905204139189,-0.07767555171407248,0.11105642777482691,0.021793494272208728,1.6661318541990782,0.42183979401145977,3.605253283028273,-0.027948023614578932,0.07260814249363869,0.026463104325699746
12,2.0,4h,3.0,10.0,30.0,90.0,0.68,-0.08,0.0,0.98,1.01,-0.02,0.25,0.7,0.7,0.45,0.75,0.8,0.08,0.01,1.0,0.16,0.0,0.0,0.45,0.35,0.2,6.0,False,1.476892612317667,1.3226559919542886,-0.02653996743064313,-0.1259694425279173,-0.40832177803018915,-0.16862787055337336,0.012290445633788886,0.006392195220062791,0.19983017176489515,0.18140829755174925,1.534275005563421,-0.045891977510861826,0.03541060671359656,0.009455203606584403,0.8369231908403603,0.24389391745601063,3.811050585540169,-0.02843509299777136,0.04543474781522365,0.006731073750403505
8,1.75,4h,2.0,7.0,21.0,60.0,0.8,-0.08,0.01,0.98,1.0,0.08,0.9,0.85,0.85,0.35,1.0,0.68,0.08,0.01,1.04,0.06,0.0,0.0,0.45,0.5,0.15,6.0,False,1.443382411791632,1.4875,-0.015365852539122482,-0.0745826958158976,-0.11389709281120229,-0.2232835216630903,0.022932630906768836,0.010855683269476373,0.07015693459344141,0.06401181883946871,0.6573463595052544,-0.0465901634877397,0.01632984031936128,0.008907185628742516,1.538618921351246,0.39704922917058516,4.379731797831247,-0.031978988558989285,0.08137722646310433,0.02270992366412214
3,1.6,4h,2.0,7.0,21.0,60.0,0.56,-0.08,-0.04,0.98,1.0,0.08,0.35,1.0,1.0,0.65,0.55,0.68,0.0,0.0,1.02,0.16,0.1,0.1,0.45,0.1,0.2,6.0,False,1.4396006314879513,1.6,0.039501541417945374,0.21399774720854126,0.48281923331860654,-0.09868232060474258,0.0337918968285708,0.01037698194632434,0.13010417216076609,0.11842546260737463,1.076781072403644,-0.05071585825112068,0.05289845007968851,0.011999835675417247,1.153239737565293,0.3168861381845933,3.8647954877792046,-0.03439756752563561,0.11216964514011717,0.015063613231552165
16,2.0,4h,3.0,10.0,30.0,90.0,0.56,-0.08,0.03,1.04,1.01,0.02,0.7,0.7,0.7,0.55,0.35,0.8,0.04,0.02,1.0,0.06,0.0,0.0,0.45,0.1,0.35,6.0,False,1.404931679771396,1.4,-0.03925266517741377,-0.18162821129063467,-0.28333494074585475,-0.35699023972650956,0.04814814814814814,0.012005108556832692,0.1608931599202772,0.14627639369893242,1.085379415795396,-0.07046445084652608,0.06706586826347304,0.023752495009980036,1.1135880855389515,0.3081307060615568,3.9059959642868196,-0.030097871584931157,0.062340966921119574,0.021374045801526718
1,1.3,4h,3.0,10.0,30.0,90.0,0.56,-0.08,-0.04,0.98,1.0,0.08,0.35,1.0,1.0,0.65,0.55,0.68,0.0,0.0,1.02,0.16,0.1,0.1,0.45,0.1,0.2,6.0,False,1.365515158253349,1.3,0.0051500188456254925,0.026045570173529597,0.11850664896088318,-0.07340298928928457,0.028900155019513863,0.007856263454648625,0.18531434450516615,0.16832251558855993,1.571393917250019,-0.0432741059447862,0.05679665050259824,0.009829363515216193,0.8022684752277647,0.23542010564557114,3.746696200870055,-0.027948023614578932,0.07185312918066805,0.013033638443760208
5,1.6,4h,2.0,7.0,21.0,60.0,0.62,0.05,0.0,1.06,1.0,0.12,0.5,1.0,1.0,0.35,0.75,0.86,0.0,0.01,1.04,0.06,0.0,0.0,0.45,0.2,0.2,6.0,False,1.3079359407473499,1.6,-0.08072834202350399,-0.34382595856531584,-0.4338974103965297,-0.3834076795284076,0.09927685381485031,0.04218998525123203,0.07600307279520946,0.06932948536626604,0.4142942780600828,-0.15074662862033472,0.21863234883642854,0.07821715800056828,2.716394739332147,0.6018397631569095,3.4510186714736997,-0.12479801066207696,0.2654188015278533,0.07394993753301457
15,2.0,4h,3.0,10.0,30.0,90.0,0.5,-0.05,-0.02,1.0,1.0,0.0,0.25,1.0,1.0,0.45,0.75,0.68,0.08,0.04,1.04,0.06,0.0,0.0,0.45,0.2,0.2,6.0,False,1.3057180105655037,1.6450857206563483,-0.016404565081902356,-0.07945894884560534,-0.13210017957473857,-0.22573098834535954,0.02198720673344975,0.010109230264661609,0.1574634273924047,0.14317708030760712,1.0258167262232927,-0.0786693323222486,0.06215081322573145,0.01839328815356981,1.131610876363104,0.31212323506837714,3.8686802937212446,-0.03429979261088523,0.06999795679795554,0.01980672467391214
19,2.0,4h,2.0,7.0,21.0,60.0,0.56,-0.05,-0.02,1.02,1.01,0.08,0.5,1.0,1.0,0.45,1.0,0.74,0.08,0.02,1.04,0.16,0.0,0.0,0.45,0.1,0.25,6.0,False,1.2749404565068052,2.0,-0.05314066055812783,-0.23915289312992016,-0.3147873507314406,-0.3543340387423426,0.0495142548219546,0.019142650932702076,0.058608782560840345,0.053500315603807636,0.3942791143931464,-0.11313347001828211,0.06387225548902195,0.023952095808383235,2.035018898232209,0.4895315545029586,4.05855075932813,-0.06424181911390137,0.17175711829816118,0.047231443912793256
17,2.0,4h,2.0,7.0,21.0,60.0,0.74,-0.05,0.01,1.02,1.04,-0.02,0.5,0.7,0.7,0.45,1.0,0.68,0.0,0.01,1.0,0.06,0.0,0.0,0.45,0.5,0.35,6.0,False,1.2381272696879044,1.4,0.02238487665923583,0.11718414899753804,0.31045592906121006,-0.08098210855097487,0.017369093231162196,0.00842911877394636,0.1263862362530821,0.11505798426402469,0.9665003087359707,-0.07134524972231626,0.03143712574850299,0.011177644710578841,1.166702499893372,0.319835310490727,4.31618681468982,-0.03009787158493127,0.08193384223918576,0.017811704834605594
21,2.0,4h,5.0,15.0,45.0,120.0,0.8,0.05,0.03,1.0,0.99,0.12,0.35,1.0,1.0,0.35,0.75,0.62,0.0,0.02,1.0,0.1,0.0,0.0,0.45,0.5,0.15,6.0,False,1.2346166834471277,1.479013215566937,-0.045558373943247576,-0.2081628060634063,-0.5227175448924953,-0.2745361700067732,0.022298024432333013,0.00824775458748116,0.17558418100723894,0.1595433191714022,1.191968850876368,-0.0663324484902521,0.06548343759722966,0.013361228338779,0.9631546384116638,0.2739212373615607,3.535763948597125,-0.055061098505255646,0.07580547560702948,0.02480417722151351
3,1.5,4h,2.0,7.0,21.0,60.0,0.56,-0.08,-0.04,0.98,1.0,0.08,0.35,1.0,1.0,0.65,0.55,0.68,0.0,0.0,1.02,0.16,0.1,0.1,0.45,0.1,0.2,6.0,False,1.2094114393348465,1.5,0.03721889260610434,0.20071256314108377,0.48281923331860643,-0.09270815322960513,0.031679903276785125,0.009728420574679068,0.12195142293239103,0.11103996724065612,1.0767810724036437,-0.04751824515818015,0.049592296949707966,0.011249845945703668,1.054916262372502,0.2949801111633803,3.864795487779206,-0.03224771955528338,0.10515904231885985,0.014122137404580152
0,1.2,4h,5.0,15.0,45.0,120.0,0.74,-0.05,0.01,0.98,1.04,0.04,0.7,1.0,1.0,0.35,1.0,0.68,0.0,0.02,1.02,0.1,0.1,0.1,0.45,0.5,0.25,6.0,False,1.204237167946125,1.2,-0.02538498109083942,-0.1207663326982018,-0.28644112013387424,-0.24889021600761008,0.03966471098489225,0.00820575661602093,0.07678687244047588,0.07004224527656921,0.6091905204139189,-0.07186009604375254,0.10251362563830177,0.020117071635884973,1.4787920287029728,0.3851422893395755,3.605253283028272,-0.025798175644226817,0.06702290076335878,0.024427480916030534
10,1.75,4h,2.0,7.0,21.0,60.0,0.56,-0.08,0.03,1.04,1.01,0.02,0.7,0.7,0.7,0.55,0.35,0.8,0.04,0.02,1.0,0.06,0.0,0.0,0.45,0.1,0.35,6.0,False,1.199957186868608,1.2249999999999999,-0.006654613020388833,-0.032868547120315283,-0.0267191541159082,-0.21706998249295262,0.03140166028097062,0.008716475095785442,0.09482465686560415,0.08643306868765022,0.9246589539286497,-0.06430878177717192,0.02445109780439122,0.011002994011976047,1.3000039793918212,0.3484221459293564,4.605557556889628,-0.02994223782440908,0.09351145038167939,0.021819338422391855
6,1.75,4h,2.0,7.0,21.0,60.0,0.56,-0.08,0.01,1.02,0.99,0.0,0.9,0.7,0.7,0.65,0.35,0.8,0.02,0.02,1.0,0.06,0.16,0.16,0.45,0.35,0.35,6.0,False,1.1984284878382412,1.2249999999999999,0.07461409501861893,0.43361953400335196,1.0728193004974937,-0.05815926187061726,0.02604054979699016,0.009426870472010226,0.12538909155811861,0.1141546713197652,1.2688469830937013,-0.038463695614253446,0.04325752904903114,0.013577574597853456,0.9503702378841594,0.270937533389489,4.144549638925489,-0.02633563763681468,0.08987792931111019,0.02422653784196004
42,2.0,4h,2.0,7.0,21.0,60.0,0.56,-0.12,0.01,1.04,1.01,0.02,0.9,1.0,1.0,0.45,0.35,0.62,0.04,0.04,1.04,0.06,0.16,0.16,0.45,0.35,0.35,6.0,False,1.1961463924908138,2.0,0.02742264070872924,0.1450119987453371,0.3010545468754209,-0.16843100294507352,0.03335466336280013,0.014377835880845806,-0.015489531673491319,-0.014183358346065211,-0.4769232386894139,-0.018758344860271947,0.025259996586765244,0.006811585005149258,1.8155897532319507,0.44994756376613365,3.795106104637413,-0.04299695940704451,0.11020827068248529,0.03185810114455356
11,1.75,4h,2.0,7.0,21.0,60.0,0.56,-0.08,0.01,1.02,1.0,0.0,0.7,0.7,0.7,0.65,1.0,0.68,0.08,0.0,1.02,0.16,0.1,0.1,0.45,0.1,0.2,6.0,False,1.177071402447063,1.2249999999999999,0.0022753950561702485,0.011441463614002112,0.06889191030412604,-0.188882520124795,0.031417624521072794,0.013984674329501916,0.0959794642738363,0.08748165002517116,0.9857289226811429,-0.038463695614253446,0.03789920159680639,0.011701596806387226,1.1941969483520216,0.3258219894804064,4.405132307447223,-0.0263356376368149,0.08571882951653945,0.02894402035623409
13,1.6,4h,5.0,15.0,45.0,120.0,0.68,0.0,0.03,1.04,1.02,0.04,0.5,1.0,1.0,0.55,0.35,0.86,0.04,0.0,1.02,0.16,0.1,0.1,0.45,0.2,0.35,6.0,False,1.162568706247625,1.6,-0.0920128797454498,-0.38316538048652327,-0.6008412226609184,-0.458193379999146,0.10027226059556808,0.024220804306251956,0.06691980682896714,0.06106625615159644,0.3819569919454361,-0.21415530001167582,0.237555870500009,0.04765507842357462,2.975508913652501,0.6410602067171813,3.831553079523538,-0.09775180689628338,0.2171282079259461,0.0561893563483262
7,1.6,4h,2.0,7.0,21.0,60.0,0.8,-0.08,-0.02,1.06,1.04,0.02,0.9,0.85,0.85,0.45,0.55,0.74,0.0,0.04,1.02,0.03,0.0,0.0,0.45,0.1,0.2,6.0,False,1.1531202020725861,1.36,-0.008445357285629118,-0.04156408590652172,-0.051897079646574064,-0.19388230108674598,0.0224557562488597,0.006451377485860245,0.09056095787774154,0.08256075560147291,0.9122169195084548,-0.042648107395343415,0.0162874251497006,0.005429141716566867,1.2341891717540476,0.3344447031143616,4.492400224014403,-0.02923793239679029,0.0882442748091603,0.024223918575063615
1,1.2,4h,3.0,10.0,30.0,90.0,0.56,-0.08,-0.04,0.98,1.0,0.08,0.35,1.0,1.0,0.65,0.55,0.68,0.0,0.0,1.02,0.16,0.1,0.1,0.45,0.1,0.2,6.0,False,1.104275445356233,1.2,0.004868961284774986,0.024610300478573377,0.1185066489608831,-0.0678948990664413,0.026677066171858946,0.00725193549659873,0.1704210993350399,0.1548823421481904,1.5713939172500198,-0.039989382084221425,0.05242767738701376,0.009073258629430333,0.7239867397926811,0.21588638751510714,3.746696200870055,-0.025798175644226706,0.06632596539753974,0.01203105087116327
8,1.6,4h,2.0,7.0,21.0,60.0,0.8,-0.08,0.01,0.98,1.0,0.08,0.9,0.85,0.85,0.35,1.0,0.68,0.08,0.01,1.04,0.06,0.0,0.0,0.45,0.5,0.15,6.0,False,1.0842470101198622,1.36,-0.013702249824230184,-0.06672984089914258,-0.1138970928112022,-0.20545846365868958,0.0209669768290458,0.009925196132092683,0.06446353251765902,0.05883070976105498,0.6573463595052552,-0.04264810739534364,0.014930139720558884,0.0081437125748503,1.3480549576450898,0.3584658243655281,4.379731797831246,-0.0292379323967904,0.07440203562340968,0.020763358778625954
14,2.0,4h,2.0,7.0,21.0,60.0,0.8,0.05,0.0,1.04,1.0,-0.02,0.7,0.85,0.85,0.45,1.0,0.74,0.02,0.0,1.02,0.03,0.0,0.0,0.45,0.2,0.15,6.0,False,1.0632339407592948,1.7,-0.012593042639117535,-0.06146438642002716,-0.042364121240550646,-0.2090090508579222,0.03179164386060938,0.01457763181901113,0.13107307026618886,0.11930287642491044,0.7060588501648634,-0.10225236256576131,0.10264471057884231,0.04411177644710579,1.4287343586556265,0.37503727631256156,3.682502318528707,-0.06933753223048633,0.14923664122137403,0.051908396946564885
18,2.0,4h,3.0,10.0,30.0,90.0,0.8,-0.08,-0.02,1.06,1.04,0.02,0.9,0.85,0.85,0.45,0.55,0.74,0.0,0.04,1.02,0.03,0.0,0.0,0.45,0.1,0.2,6.0,False,1.0512802003080575,1.7,-0.026662039140111116,-0.1265179216873642,-0.190163157306192,-0.22585792962654028,0.036444079547527826,0.009925196132092683,0.1515726834265121,0.13785202644662742,0.9219541588689218,-0.09417420184268088,0.051746506986027944,0.018662674650698603,1.1432097147703728,0.3146812537669561,3.7402728422626152,-0.036547415495987834,0.06272264631043256,0.012977099236641221
23,2.0,4h,3.0,10.0,30.0,90.0,0.56,-0.08,-0.04,1.0,1.04,-0.02,0.5,0.7,0.7,0.35,0.35,0.68,0.0,0.02,1.04,0.06,0.0,0.0,0.45,0.1,0.15,6.0,False,1.0411798662517193,1.4,0.005827816836369681,0.02951348353062988,0.12124433442117867,-0.09172700363971276,0.010440378585614267,0.00458220556172639,0.1361041782733594,0.12385791742168073,1.1854727029276144,-0.046703852723408934,0.024451097804391215,0.004191616766467065,0.901875211624692,0.25950406525637093,3.8110505855401686,-0.030097871584931046,0.0480916030534351,0.007124681933842239
5,1.5,4h,2.0,7.0,21.0,60.0,0.62,0.05,0.0,1.06,1.0,0.12,0.5,1.0,1.0,0.35,0.75,0.86,0.0,0.01,1.04,0.06,0.0,0.0,0.45,0.2,0.2,6.0,False,1.0327032774402118,1.5,-0.07516104927471456,-0.3236918478198384,-0.43389741039652957,-0.3626259118291074,0.09307205045142215,0.039553111173030016,0.07311858935680804,0.06670605725611356,0.41429427806008284,-0.14094345394409669,0.20496782703415178,0.07332858562553277,2.4386191982603425,0.5577955249360451,3.4510186714737,-0.11729616642543628,0.24883012643236252,0.06932806643720114
4,1.5,4h,3.0,10.0,30.0,90.0,0.56,-0.08,0.01,1.02,1.0,0.0,0.7,0.7,0.7,0.65,1.0,0.68,0.08,0.0,1.02,0.16,0.1,0.1,0.45,0.1,0.2,6.0,False,1.0277639453303422,1.0499999999999998,-0.014436836680830845,-0.070203925334696,-0.1513033522449176,-0.21418782435117767,0.035467980295566505,0.011959496442255062,0.18905929782826658,0.1716998262528211,1.6839793160904963,-0.03712680448671479,0.06377245508982035,0.01272455089820359,0.5856969904465492,0.17993980797039577,3.5787346781840546,-0.022573403688698312,0.06278625954198473,0.011832061068702292
12,1.75,4h,3.0,10.0,30.0,90.0,0.68,-0.08,0.0,0.98,1.01,-0.02,0.25,0.7,0.7,0.45,0.75,0.8,0.08,0.01,1.0,0.16,0.0,0.0,0.45,0.35,0.2,6.0,False,1.0274385242796336,1.1573239929600025,-0.023060576156370582,-0.11021996137816781,-0.40832177803018926,-0.14876649079372306,0.010754139929565275,0.005593170817554943,0.1737717634925311,0.15790735591358818,1.534275005563421,-0.04020446752933271,0.030984280874396992,0.008273303155761351,0.704915415772799,0.21104170865298033,3.8110505855401686,-0.024880706373049954,0.0397554043383207,0.005889689531603066
16,1.75,4h,3.0,10.0,30.0,90.0,0.56,-0.08,0.03,1.04,1.01,0.02,0.7,0.7,0.7,0.55,0.35,0.8,0.04,0.02,1.0,0.06,0.0,0.0,0.45,0.1,0.35,6.0,False,1.0190722902250475,1.2249999999999999,-0.03370118700282898,-0.15768283854549192,-0.2833349407458549,-0.31901620590563107,0.04212962962962962,0.010504469987228609,0.14076858571107453,0.12807942643778936,1.085379415795396,-0.06183422723469001,0.05868263473053892,0.020783433133732536,0.928805362882893,0.2658760433358507,3.9059959642868196,-0.0263356376368149,0.05454834605597964,0.018702290076335875
27,2.0,4h,3.0,10.0,30.0,90.0,0.5,-0.08,-0.04,0.98,1.02,0.02,0.25,1.0,1.0,0.45,1.0,0.74,0.08,0.02,1.02,0.03,0.16,0.16,0.45,0.5,0.25,6.0,False,1.0005854365643294,1.3925773782935447,-0.01441053091068778,-0.0700796962844995,-0.207193391366314,-0.0936539302677768,0.025215923448295745,0.006236885792397306,0.15452521306142275,0.1405213121264981,1.251437681403483,-0.05967289816076227,0.041052751670371854,0.010219727113493064,0.8244726250377918,0.24086138175716676,3.576727850860884,-0.029938296502827866,0.06335088641004628,0.013767506670441548
9,2.0,4h,2.0,7.0,21.0,60.0,0.74,-0.05,0.01,0.98,1.04,0.04,0.7,1.0,1.0,0.35,1.0,0.68,0.0,0.02,1.02,0.1,0.1,0.1,0.45,0.5,0.25,6.0,False,0.9863608134882171,2.0,0.0041139026084118235,0.02076241516480226,0.10406541768029519,-0.3023740482218188,0.07475672782613808,0.019624080767624744,0.10348762865852268,0.09429688517805546,0.5685970735638018,-0.11714736113449353,0.11908997416252154,0.0377111066824189,1.8973830083515533,0.46492644617704015,3.6059028642476254,-0.10274726281544011,0.2089001394808243,0.05800384130261556
3,1.4,4h,2.0,7.0,21.0,60.0,0.56,-0.08,-0.04,0.98,1.0,0.08,0.35,1.0,1.0,0.65,0.55,0.68,0.0,0.0,1.02,0.16,0.1,0.1,0.45,0.1,0.2,6.0,False,0.9863182903384826,1.4,0.034910761739847196,0.18739762276437877,0.48281923331860643,-0.08670820372871435,0.029567909724999446,0.009079859203033796,0.11379867507792452,0.10364991362729215,1.076781072403644,-0.04432381943882191,0.04628614381972743,0.010499856215990089,0.960772547150637,0.27336623619792655,3.8647954877792046,-0.030097871584931157,0.0981484394976025,0.013180661577608142
2,1.2,4h,3.0,10.0,30.0,90.0,0.8,-0.08,0.01,0.98,1.0,0.08,0.9,0.85,0.85,0.35,1.0,0.68,0.08,0.01,1.04,0.06,0.0,0.0,0.45,0.5,0.15,6.0,False,0.9769355887672115,1.02,-0.030155990121434884,-0.14210018829618265,-0.4539913512140911,-0.20330245354120413,0.019074986316365623,0.006699507389162561,0.18488685900269197,0.16793693882683147,1.7384254109017534,-0.034170703593706886,0.03410179640718563,0.009161676646706586,0.599958363410066,0.18373760466809141,3.795895466267192,-0.021928449297592745,0.038931297709923665,0.010381679389312977
28,2.0,4h,2.0,7.0,21.0,60.0,0.8,-0.05,-0.02,1.02,1.01,0.12,0.9,0.85,0.85,0.45,0.35,0.68,0.08,0.01,1.0,0.16,0.05,0.05,0.45,0.2,0.35,6.0,False,0.9708434892829234,1.7,-0.03221441518606516,-0.1511756637916326,-0.21545391510710218,-0.262702077916277,0.04708082466703156,0.017369093231162196,0.06549578684499235,0.05977025604062014,0.47349396320083353,-0.09664083455380301,0.06511976047904192,0.02035928143712575,1.6405864816840543,0.41693525113681806,4.166473395042841,-0.05493790850363012,0.14987277353689565,0.03816793893129771
15,1.75,4h,3.0,10.0,30.0,90.0,0.5,-0.05,-0.02,1.0,1.0,0.0,0.25,1.0,1.0,0.45,0.75,0.68,0.08,0.04,1.04,0.06,0.0,0.0,0.45,0.2,0.2,6.0,False,0.9340018491272005,1.4394500055743047,-0.013911550543815543,-0.0677207439537193,-0.13210017957473857,-0.19967422294078663,0.019238805891768528,0.008845576481578908,0.13793266942424753,0.12551296335540618,1.0258167262232922,-0.06906705446100136,0.054381961572515,0.01609412713437358,0.9433992036734131,0.26930530452900436,3.868680293721246,-0.030012318534524685,0.06124821219821109,0.01733088408967312
0,1.1,4h,5.0,15.0,45.0,120.0,0.74,-0.05,0.01,0.98,1.04,0.04,0.7,1.0,1.0,0.35,1.0,0.68,0.0,0.02,1.02,0.1,0.1,0.1,0.45,0.5,0.25,6.0,False,0.931941275756432,1.1,-0.023060141664253853,-0.11021798056737475,-0.2864411201338742,-0.23008729875884792,0.0363593184028179,0.0075219435646858524,0.07091284921906205,0.06469953987528254,0.6091905204139187,-0.06601834475096369,0.09397082350177663,0.018440648999561233,1.3036683947857428,0.3491927987281134,3.605253283028272,-0.02364832767387448,0.06143765903307888,0.022391857506361326
7,1.5,4h,2.0,7.0,21.0,60.0,0.8,-0.08,-0.02,1.06,1.04,0.02,0.9,0.85,0.85,0.45,0.55,0.74,0.0,0.04,1.02,0.03,0.0,0.0,0.45,0.1,0.2,6.0,False,0.9297073117143206,1.275,-0.007694793076649775,-0.03792712740306636,-0.051897079646574196,-0.1824672075336028,0.021052271483305966,0.006048166392993979,0.08497601912057884,0.07748653944622386,0.9122169195084545,-0.04001473408276812,0.01526946107784431,0.005089820359281437,1.1267649266505702,0.3110518618328302,4.492400224014403,-0.027410561621990848,0.08272900763358779,0.02270992366412214
6,1.6,4h,2.0,7.0,21.0,60.0,0.56,-0.08,0.01,1.02,0.99,0.0,0.9,0.7,0.7,0.65,0.35,0.8,0.02,0.02,1.0,0.06,0.16,0.16,0.45,0.35,0.35,6.0,False,0.9276178608579302,1.1199999999999999,0.06820318280245052,0.39131781406264654,1.0728193004974937,-0.053264171954693906,0.023808502671533862,0.008618853002980778,0.1144470658249781,0.10423781478238192,1.268846983093702,-0.03520170097545494,0.03954974084482848,0.012413782489466018,0.843763777653658,0.24555444645615876,4.144549638925489,-0.02407829726794497,0.08217410679872933,0.022149977455506325
10,1.6,4h,2.0,7.0,21.0,60.0,0.56,-0.08,0.03,1.04,1.01,0.02,0.7,0.7,0.7,0.55,0.35,0.8,0.04,0.02,1.0,0.06,0.0,0.0,0.45,0.1,0.35,6.0,False,0.9243643119915326,1.1199999999999999,-0.005756885833938963,-0.02848564932196407,-0.026719154115908233,-0.1997811721695033,0.028710089399744565,0.00796934865900383,0.08680166097054931,0.07914547641138414,0.9246589539286497,-0.058921642913059014,0.022355289421157682,0.010059880239520957,1.1443376874276554,0.314929543951904,4.605557556889628,-0.027404355397748992,0.08549618320610686,0.019949109414758266
31,2.0,4h,2.0,7.0,21.0,60.0,0.62,-0.08,0.01,1.04,1.02,0.08,0.5,0.55,0.55,0.35,0.55,0.86,0.04,0.04,1.0,0.03,0.0,0.0,0.45,0.5,0.2,6.0,False,0.9104556127240757,1.1,-0.01158930851228479,-0.056679153206324884,-0.1065649854258567,-0.19506640323549818,0.027367641470421738,0.006562453001785524,0.08779867547660625,0.08005135056149926,1.017618916789685,-0.034579628887631664,0.017234336230325813,0.00828663408600768,1.0937018407053496,0.3036999625773644,4.535716542920526,-0.026920344707108468,0.08312673003253553,0.01959287531806616
17,1.75,4h,2.0,7.0,21.0,60.0,0.74,-0.05,0.01,1.02,1.04,-0.02,0.5,0.7,0.7,0.45,1.0,0.68,0.0,0.01,1.0,0.06,0.0,0.0,0.45,0.5,0.35,6.0,False,0.8785453870965972,1.2249999999999999,0.019927922676298282,0.10381010212561748,0.3104559290612103,-0.07107036611253847,0.015197956577266919,0.007375478927203065,0.11078460099720111,0.10091664626552888,0.9665003087359697,-0.06259560693493627,0.02750748502994012,0.009780439121756485,0.9706565712524595,0.2756662897684281,4.31618681468982,-0.0263356376368149,0.07169211195928753,0.015585241730279899
11,1.6,4h,2.0,7.0,21.0,60.0,0.56,-0.08,0.01,1.02,1.0,0.0,0.7,0.7,0.7,0.65,1.0,0.68,0.08,0.0,1.02,0.16,0.1,0.1,0.45,0.1,0.2,6.0,False,0.8757589958309002,1.1199999999999999,0.0023492572691723446,0.011814615620096225,0.06889191030412614,-0.17381620256321584,0.028724685276409413,0.01278598795840175,0.08779850521590093,0.08005119587090359,0.9857289226811433,-0.03520170097545483,0.03465069860279442,0.010698602794411177,1.0538939431889656,0.2947488497465396,4.405132307447223,-0.02407829726794486,0.07837150127226464,0.026463104325699746
21,1.75,4h,5.0,15.0,45.0,120.0,0.8,0.05,0.03,1.0,0.99,0.12,0.35,1.0,1.0,0.35,0.75,0.62,0.0,0.02,1.0,0.1,0.0,0.0,0.45,0.5,0.15,6.0,False,0.86322333969889,1.29413656362107,-0.03962067444231654,-0.18319609097417255,-0.5227175448924951,-0.24431492799367494,0.019510771378291387,0.007216785264046015,0.15332961649697663,0.1394404822286619,1.191968850876368,-0.05819619852791913,0.05729800789757594,0.011691074796431625,0.8081548694930623,0.23686677355938168,3.535763948597126,-0.04831366371411916,0.0663297911561508,0.02170365506882432
8,1.5,4h,2.0,7.0,21.0,60.0,0.8,-0.08,0.01,0.98,1.0,0.08,0.9,0.85,0.85,0.35,1.0,0.68,0.08,0.01,1.04,0.06,0.0,0.0,0.45,0.5,0.15,6.0,False,0.8574170161725418,1.275,-0.012628887762358043,-0.0616349156220527,-0.11389709281120229,-0.1934364821023764,0.019656540777230433,0.009304871373836891,0.060632906179465706,0.05534343967768818,0.6573463595052549,-0.04001473408276823,0.01399700598802395,0.007634730538922155,1.2286107513339308,0.3332479123202252,4.379731797831248,-0.027410561621990737,0.06975190839694656,0.01946564885496183
38,2.0,4h,3.0,10.0,30.0,90.0,0.5,-0.05,0.01,1.02,1.01,0.04,0.7,1.0,1.0,0.65,0.35,0.68,0.02,0.0,1.0,0.03,0.0,0.0,0.45,0.5,0.35,6.0,False,0.8498625369334842,2.0,-0.11427887445041274,-0.45525126203311783,-0.6338317394551819,-0.5609084724433623,0.07668208659269354,0.022280171418322184,0.13135616152820484,0.11955922588598944,0.5886893278113988,-0.20509303184836059,0.15351653760904607,0.03780676692233144,2.0388134254576444,0.49019966831000295,4.376790180981184,-0.04299695940704451,0.124382647471186,0.03023506477398499
1,1.1,4h,3.0,10.0,30.0,90.0,0.56,-0.08,-0.04,0.98,1.0,0.08,0.35,1.0,1.0,0.65,0.55,0.68,0.0,0.0,1.02,0.16,0.1,0.1,0.45,0.1,0.2,6.0,False,0.8494353914721287,1.1,0.0045686549542467425,0.023078509450252582,0.11850664896088318,-0.062363960592248024,0.024453977324204037,0.0066476075385488356,0.15563266126843778,0.14152237032138348,1.5713939172500186,-0.03669734801640079,0.04805870427142928,0.008317153743644473,0.6488585922911623,0.19659730120496377,3.7466962008700553,-0.02364832767387448,0.06079880161441143,0.01102846329856633
13,1.5,4h,5.0,15.0,45.0,120.0,0.68,0.0,0.03,1.04,1.02,0.04,0.5,1.0,1.0,0.55,0.35,0.86,0.04,0.0,1.02,0.16,0.1,0.1,0.45,0.2,0.35,6.0,False,0.843455097460815,1.5,-0.0859635028220862,-0.36231854338140046,-0.6008412226609184,-0.43566844789019255,0.09400524430834507,0.02270700403711121,0.06456913741172565,0.05892683370008833,0.38195699194543636,-0.20175248204893936,0.2227086285937584,0.0446766360221012,2.660820868296939,0.5932012262112787,3.8315530795235366,-0.09179635088479776,0.20355769493057443,0.05267752157655581
20,1.75,4h,3.0,10.0,30.0,90.0,0.5,-0.08,0.01,1.0,1.02,0.0,0.18,1.0,1.0,0.45,0.75,0.62,0.0,0.02,1.0,0.03,0.0,0.0,0.45,0.1,0.35,6.0,False,0.8419264547339584,1.08,-0.03421616589361198,-0.1599274220866138,-0.5136986754399118,-0.23345016807932994,0.019558272925741374,0.007713680882064763,0.1755492272495538,0.15951177048606824,1.6961914813722736,-0.0400326776258213,0.03526951902445538,0.00915065819456241,0.5903577692556568,0.18118337116112282,3.7901933820561826,-0.022452141042626272,0.03594295794244095,0.007271794196364879
4,1.4,4h,3.0,10.0,30.0,90.0,0.56,-0.08,0.01,1.02,1.0,0.0,0.7,0.7,0.7,0.65,1.0,0.68,0.08,0.0,1.02,0.16,0.1,0.1,0.45,0.1,0.2,6.0,False,0.8309777577982493,0.9799999999999999,-0.013299715463901518,-0.06482173287574511,-0.15130335224491762,-0.20109629324576805,0.03310344827586207,0.011162196679438057,0.1758153430557392,0.1597519602191999,1.6839793160904957,-0.03467020662357778,0.05952095808383233,0.011876247504990018,0.538517990113768,0.16721775316853904,3.5787346781840537,-0.021068510109451766,0.05860050890585241,0.01104325699745547
19,1.75,4h,2.0,7.0,21.0,60.0,0.56,-0.05,-0.02,1.02,1.01,0.08,0.5,1.0,1.0,0.45,1.0,0.74,0.08,0.02,1.04,0.16,0.0,0.0,0.45,0.1,0.25,6.0,False,0.816934644075785,1.75,-0.04561751281350768,-0.20840836250948347,-0.31478735073144043,-0.3160366280481136,0.04332497296921028,0.016749819566114314,0.053091838990471985,0.04847518207520962,0.39427911439314656,-0.09940137201645749,0.05588822355289421,0.020958083832335328,1.6531814382115844,0.419357183032083,4.0585507593281305,-0.05634290008927423,0.15028747851089105,0.041327513423694104
26,2.0,4h,2.0,7.0,21.0,60.0,0.56,0.02,-0.02,1.02,1.04,-0.02,0.25,1.0,1.0,0.45,0.75,0.68,0.08,0.01,1.0,0.06,0.0,0.0,0.45,0.1,0.15,6.0,False,0.7950581030050894,1.9598757066394148,0.0033246401425293115,0.01675259262636053,0.08494245871813018,-0.20798531639932183,0.024956600712841618,0.012696511132980379,0.07714460772569631,0.07036754255257138,0.5014104578434877,-0.10789815165060468,0.08223984862045222,0.03652647644128734,1.5300272492442595,0.3953504298101429,3.918127863246934,-0.05478543766642141,0.14018525887958191,0.028819371351550965
5,1.4,4h,2.0,7.0,21.0,60.0,0.62,0.05,0.0,1.06,1.0,0.12,0.5,1.0,1.0,0.35,0.75,0.86,0.0,0.01,1.04,0.06,0.0,0.0,0.45,0.2,0.2,6.0,False,0.7872736155916105,1.4,-0.06965630425887515,-0.30330085346797087,-0.4338974103965298,-0.3414008306469867,0.08686724708799404,0.03691623709482802,0.06997207146058004,0.0638436265512421,0.4142942780600828,-0.13117436570115293,0.19130330523187497,0.06844001325049724,2.1798247427658057,0.5146579459902898,3.451018671473701,-0.10975432112333983,0.23224145133687166,0.06470619534138773
3,1.3,4h,2.0,7.0,21.0,60.0,0.56,-0.08,-0.04,0.98,1.0,0.08,0.35,1.0,1.0,0.65,0.55,0.68,0.0,0.0,1.02,0.16,0.1,0.1,0.45,0.1,0.2,6.0,False,0.7700496783825166,1.3,0.03257728543356753,0.17405684311768743,0.4828192333186064,-0.08068246584684813,0.027455916173213777,0.008431297831388525,0.10564654241201743,0.09625582246059583,1.0767810724036435,-0.04113269237652428,0.04297999068974691,0.009749866486276512,0.8706455764479213,0.25204192378669643,3.8647954877792055,-0.027948023614578932,0.09113783667634519,0.012239185750636133
14,1.75,4h,2.0,7.0,21.0,60.0,0.8,0.05,0.0,1.04,1.0,-0.02,0.7,0.85,0.85,0.45,1.0,0.74,0.02,0.0,1.02,0.03,0.0,0.0,0.45,0.2,0.15,6.0,False,0.7694237911033424,1.4875,-0.010223752908651407,-0.050137632394370746,-0.042364121240550466,-0.1849838785644834,0.027817688378033206,0.012755427841634737,0.1162420837268312,0.10586522061447146,0.7060588501648632,-0.08992683792625633,0.08981412175648704,0.038597804391217565,1.1810162427572628,0.3229580429226617,3.682502318528707,-0.06080373250052706,0.1305820610687023,0.04541984732824428
16,1.6,4h,3.0,10.0,30.0,90.0,0.56,-0.08,0.03,1.04,1.01,0.02,0.7,0.7,0.7,0.55,0.35,0.8,0.04,0.02,1.0,0.06,0.0,0.0,0.45,0.1,0.35,6.0,False,0.7665647689946358,1.1199999999999999,-0.030455959123446563,-0.14342754524173906,-0.28333494074585475,-0.2953777322296619,0.03851851851851851,0.009604086845466155,0.12868355810406618,0.11713886875743906,1.085379415795396,-0.05663187498947364,0.053652694610778436,0.01900199600798403,0.8252735372172519,0.24105685537229804,3.9059959642868196,-0.02407829726794508,0.04987277353689567,0.017099236641221375
12,1.6,4h,3.0,10.0,30.0,90.0,0.68,-0.08,0.0,0.98,1.01,-0.02,0.25,0.7,0.7,0.45,0.75,0.8,0.08,0.01,1.0,0.16,0.0,0.0,0.45,0.35,0.2,6.0,False,0.7664633767035629,1.058124793563431,-0.020994598861234337,-0.10076138858542572,-0.40832177803018915,-0.13668510700721725,0.009832356507031109,0.005113756176050234,0.15828116325881725,0.14391610653906306,1.534275005563421,-0.036785265503174625,0.028328485370877246,0.007564162885267523,0.6299908114716117,0.1916648368726992,3.8110505855401677,-0.022748074398217244,0.036347798252178924,0.005384859000322804
43,2.0,4h,2.0,7.0,21.0,60.0,0.62,-0.08,0.03,0.98,1.04,0.12,0.35,0.55,0.55,0.65,1.0,0.8,0.04,0.04,1.0,0.06,0.0,0.0,0.45,0.35,0.2,6.0,False,0.757898067494829,1.1,-0.012662856178893733,-0.06179649371771856,-0.11176036465359108,-0.19621575087680565,0.02859879584017515,0.006422185732530561,0.0943746724561465,0.08602445109857637,1.0766783657005712,-0.034579628887631775,0.017015968063872258,0.007684630738522955,0.9668986589132169,0.27479268122175715,4.218107338880713,-0.026920344707108912,0.08117048346055979,0.016793893129770993
6,1.5,4h,2.0,7.0,21.0,60.0,0.56,-0.08,0.01,1.02,0.99,0.0,0.9,0.7,0.7,0.65,0.35,0.8,0.02,0.02,1.0,0.06,0.16,0.16,0.45,0.35,0.35,6.0,False,0.7524812049537475,1.0499999999999998,0.06393023203899251,0.3636823451763336,1.0728193004974935,-0.049991440143758226,0.022320471254562994,0.00808017469029448,0.10717121256539763,0.09763906928472643,1.2688469830937024,-0.03302341253395924,0.037077882042026694,0.01163792108387439,0.7757576450957289,0.2288668598852961,4.144549638925489,-0.0225734036886982,0.07703822512380874,0.02076560386453718
32,2.0,4h,2.0,7.0,21.0,60.0,0.5,-0.08,-0.04,0.98,1.02,0.02,0.25,1.0,1.0,0.45,1.0,0.74,0.08,0.02,1.02,0.03,0.16,0.16,0.45,0.5,0.25,6.0,False,0.7342333117599154,1.3925773782935447,0.02893178690867626,0.1534553623530961,0.3950217068330187,-0.08438064989685368,0.02398340174863549,0.0069082215950305855,0.09904002214525565,0.09026022593604566,0.9677005417865507,-0.04365625086319869,0.024916246198049656,0.007642781865124332,0.9029855782494487,0.2597679298559281,3.7278214031059065,-0.029938296502827977,0.07645642916719783,0.01746510550293242
2,1.1,4h,3.0,10.0,30.0,90.0,0.8,-0.08,0.01,0.98,1.0,0.08,0.9,0.85,0.85,0.35,1.0,0.68,0.08,0.01,1.04,0.06,0.0,0.0,0.45,0.5,0.15,6.0,False,0.7309136493211603,0.935,-0.027528497249881823,-0.13040308537495948,-0.4539913512140911,-0.1877491955205769,0.01748540412333516,0.006141215106732347,0.16869494397504514,0.1533236645431233,1.7384254109017534,-0.031352646271078255,0.031259980039920164,0.008398203592814372,0.5394309234276182,0.1674662862500218,3.795895466267192,-0.020101078522793303,0.035687022900763365,0.009516539440203562
15,1.6,4h,3.0,10.0,30.0,90.0,0.5,-0.05,-0.02,1.0,1.0,0.0,0.25,1.0,1.0,0.45,0.75,0.68,0.08,0.04,1.04,0.06,0.0,0.0,0.45,0.2,0.2,6.0,False,0.7238564661100023,1.3160685765250788,-0.01247513278053436,-0.06090326837059634,-0.13210017957473863,-0.18374626354185042,0.0175897653867598,0.008087384211729288,0.12618014745054684,0.11487129407755847,1.0258167262232922,-0.06327407390869055,0.04972065058058516,0.014714630522855848,0.8380038387382414,0.24415650439006065,3.868680293721246,-0.027439834088708093,0.05599836543836444,0.015845379739129712
10,1.5,4h,2.0,7.0,21.0,60.0,0.56,-0.08,0.03,1.04,1.01,0.02,0.7,0.7,0.7,0.55,0.35,0.8,0.04,0.02,1.0,0.06,0.0,0.0,0.45,0.1,0.35,6.0,False,0.7213891565278474,1.0499999999999998,-0.005192291741416666,-0.025721047713416878,-0.026719154115908365,-0.18811789678301682,0.026915708812260533,0.007471264367816091,0.08144003474228878,0.07427276179444098,0.9246589539286497,-0.05531732067313755,0.020958083832335325,0.009431137724550898,1.0461818043514954,0.29300188445333375,4.605557556889628,-0.02570947091103226,0.08015267175572517,0.018702290076335875
7,1.4,4h,2.0,7.0,21.0,60.0,0.8,-0.08,-0.02,1.06,1.04,0.02,0.9,0.85,0.85,0.45,0.55,0.74,0.0,0.04,1.02,0.03,0.0,0.0,0.45,0.1,0.2,6.0,False,0.7145368421725631,1.19,-0.006973518232533671,-0.03442169673537265,-0.051897079646574105,-0.17095588104557147,0.019648786717752234,0.005644955300127714,0.07937954152441096,0.07239961387168536,0.9122169195084547,-0.037377088886768495,0.014251497005988023,0.004750499001996008,1.0242474650203781,0.28801009270658207,4.492400224014404,-0.025583190847191517,0.07721374045801525,0.021195928753180656
70,2.0,4h,2.0,7.0,21.0,60.0,0.8,-0.12,0.01,1.0,1.02,0.02,0.7,0.85,0.85,0.45,0.55,0.8,0.02,0.02,1.04,0.16,0.0,0.0,0.45,0.5,0.15,6.0,False,0.7118440619111888,1.7,0.012690666082262325,0.06515802943917315,0.1834075014057313,-0.1263065269667757,0.014703549332991762,0.007109168737921981,-0.017269958482651004,-0.01581485770439317,-1.1150511329987203,-0.01581485770439317,0.0008483033932135728,0.0016966067864271457,1.534669619754816,0.39626880694230415,4.0555586437522875,-0.036547415495987834,0.06670573499376686,0.01696018791997552
18,1.75,4h,3.0,10.0,30.0,90.0,0.8,-0.08,-0.02,1.06,1.04,0.02,0.9,0.85,0.85,0.45,0.55,0.74,0.0,0.04,1.02,0.03,0.0,0.0,0.45,0.1,0.2,6.0,False,0.7114165162710452,1.4875,-0.022722555530533706,-0.1086778886722013,-0.190163157306192,-0.19973333094723666,0.03188856960408685,0.008684546615581098,0.1331378414186668,0.12117247702001221,0.9219541588689221,-0.08274548703978679,0.04527819361277446,0.01632984031936128,0.9530189560588835,0.27155673541446324,3.7402728422626152,-0.031978988558989285,0.054882315521628505,0.01135496183206107
24,2.0,4h,3.0,10.0,30.0,90.0,0.56,0.02,0.0,1.04,1.0,0.0,0.35,1.0,1.0,0.55,1.0,0.8,0.02,0.04,1.04,0.06,0.1,0.1,0.35,0.1,0.25,6.0,False,0.6948106150389775,2.0,-0.00022289015215459784,-0.0011151741619386257,0.052934939117703354,-0.23453340310366466,0.04994655302249976,0.020594492785948458,0.08134588920523589,0.07418718282221981,0.532305000086603,-0.12218123691073945,0.12923148053885095,0.04262138700854854,1.5663035419331974,0.4024982617596293,2.7898876851116343,-0.05884823085542956,0.11502959232204996,0.021136462551057607
11,1.5,4h,2.0,7.0,21.0,60.0,0.56,-0.08,0.01,1.02,1.0,0.0,0.7,0.7,0.7,0.65,1.0,0.68,0.08,0.0,1.02,0.16,0.1,0.1,0.45,0.1,0.2,6.0,False,0.6829277293096914,1.0499999999999998,0.002370390725728866,0.011921402139716708,0.06889191030412609,-0.16365787956260702,0.026929392446633824,0.01198686371100164,0.08233810278215392,0.07508908032214179,0.9857289226811429,-0.03302341253395946,0.03248502994011976,0.010029940119760479,0.9651204673206784,0.2743789288836469,4.405132307447224,-0.022573403688698424,0.07347328244274809,0.024809160305343508
0,1.0,4h,5.0,15.0,45.0,120.0,0.74,-0.05,0.01,0.98,1.04,0.04,0.7,1.0,1.0,0.35,1.0,0.68,0.0,0.02,1.02,0.1,0.1,0.1,0.45,0.5,0.25,6.0,False,0.6785265774001221,1.0,-0.02077266655495158,-0.09974055902089674,-0.2864411201338743,-0.21094027845415253,0.033053925820743554,0.006838130513350777,0.06493764910105004,0.0592622549473516,0.6091905204139189,-0.060150215846947686,0.08542802136525147,0.016764226363237482,1.140026937800532,0.3139802065083448,3.6052532830282717,-0.021498479703522144,0.05585241730279898,0.020356234096692113
42,1.75,4h,2.0,7.0,21.0,60.0,0.56,-0.12,0.01,1.04,1.01,0.02,0.9,1.0,1.0,0.45,0.35,0.62,0.04,0.04,1.04,0.06,0.16,0.16,0.45,0.35,0.35,6.0,False,0.6753498467295982,1.75,0.024607784914397746,0.12939563952026512,0.301054546875421,-0.14856948312064278,0.02918533044245012,0.012580606395740079,-0.01351201782826228,-0.012371551388891677,-0.47692323868941394,-0.016416161205961566,0.022102497013419584,0.0059601368795056,1.4843374939375331,0.3862536615793215,3.795106104637413,-0.03762233948116389,0.09643223684717463,0.027875838501484368
45,2.0,4h,3.0,10.0,30.0,90.0,0.62,-0.08,0.03,0.98,1.04,0.12,0.35,0.55,0.55,0.65,1.0,0.8,0.04,0.04,1.0,0.06,0.0,0.0,0.45,0.35,0.2,6.0,False,0.6747399029950852,1.1,-0.040662672174460845,-0.18762242072884516,-0.4706123622040773,-0.2476819328629375,0.028899835796387517,0.005820105820105821,0.1361507315317514,0.12390005758194289,1.1289055345391334,-0.06521079912573258,0.04830339321357286,0.013173652694610778,0.7902088430140328,0.23244678591771994,3.8473807372153304,-0.02364832767387448,0.048982188295165395,0.019592875318066156
23,1.75,4h,3.0,10.0,30.0,90.0,0.56,-0.08,-0.04,1.0,1.04,-0.02,0.5,0.7,0.7,0.35,0.35,0.68,0.0,0.02,1.04,0.06,0.0,0.0,0.45,0.1,0.15,6.0,False,0.6578471163879906,1.2249999999999999,0.005327740094500211,0.026953964870191083,0.12124433442117882,-0.08062731369082321,0.009135331262412484,0.004009429866510592,0.11888232889723827,0.10825852578888973,1.1854727029276146,-0.04094523475937362,0.021394710578842315,0.0036676646706586824,0.7578497018295105,0.2244046016698913,3.81105058554017,-0.02633563763681479,0.04208015267175572,0.006234096692111959
17,1.6,4h,2.0,7.0,21.0,60.0,0.74,-0.05,0.01,1.02,1.04,-0.02,0.5,0.7,0.7,0.45,1.0,0.68,0.0,0.01,1.0,0.06,0.0,0.0,0.45,0.5,0.35,6.0,False,0.6498603389979793,1.1199999999999999,0.018406514938082763,0.09559299867192128,0.3104559290612102,-0.06509412366942025,0.013895274584929757,0.006743295019157087,0.10138871086727597,0.092392074453161,0.9665003087359704,-0.05732278546797831,0.02514970059880239,0.008942115768463073,0.8611910014317596,0.24976707367973106,4.316186814689821,-0.02407829726794508,0.06554707379134861,0.014249363867684477
8,1.4,4h,2.0,7.0,21.0,60.0,0.8,-0.08,0.01,0.98,1.0,0.08,0.9,0.85,0.85,0.35,1.0,0.68,0.08,0.01,1.04,0.06,0.0,0.0,0.45,0.5,0.15,6.0,False,0.6401207739682824,1.19,-0.011584168312646859,-0.056654597513581595,-0.11389709281120222,-0.1813038365605879,0.018346104725415067,0.008684546615581098,0.056774565501718666,0.05182985790740591,0.6573463595052548,-0.037377088886768495,0.013063872255489021,0.007125748502994011,1.1149252304265715,0.308427667212255,4.379731797831248,-0.025583190847191406,0.06510178117048346,0.01816793893129771
48,2.0,4h,2.0,7.0,21.0,60.0,0.8,-0.05,0.03,1.04,1.02,0.02,0.25,0.85,0.85,0.35,0.75,0.62,0.04,0.0,1.02,0.1,0.0,0.0,0.45,0.2,0.25,6.0,False,0.63947977777958,1.5079952439349862,-0.03245079443988286,-0.1522129086064341,-0.2785227448436422,-0.27732609619688087,0.036569198569010405,0.01492962754397873,0.059221929758561886,0.054058666024292545,0.4780572950455337,-0.08941505544737294,0.05166630530597571,0.022095723402122375,1.4218605122697614,0.37363927640889294,4.393340868525811,-0.0493205597315568,0.12364426298818766,0.03138346681880544
4,1.3,4h,3.0,10.0,30.0,90.0,0.56,-0.08,0.01,1.02,1.0,0.0,0.7,0.7,0.7,0.65,1.0,0.68,0.08,0.0,1.02,0.16,0.1,0.1,0.45,0.1,0.2,6.0,False,0.6372773985454788,0.9099999999999999,-0.01218726682050808,-0.05953222299910321,-0.15130335224491773,-0.18784001293105623,0.030738916256157628,0.010364896916621052,0.16266237862926358,0.14787486237330127,1.6839793160904957,-0.032210968787243166,0.055269461077844306,0.011027944111776445,0.4926303439004147,0.1546016750366479,3.5787346781840537,-0.01956361653020522,0.054414758269720094,0.01025445292620865
9,1.75,4h,2.0,7.0,21.0,60.0,0.74,-0.05,0.01,0.98,1.04,0.04,0.7,1.0,1.0,0.35,1.0,0.68,0.0,0.02,1.02,0.1,0.1,0.1,0.45,0.5,0.25,6.0,False,0.6348627432908773,1.75,0.00492240265014976,0.024883084401680744,0.10406541768029522,-0.26876721131421366,0.06541213684787082,0.017171070671671645,0.0926002541814619,0.08441301498191178,0.568597073563802,-0.10296830198774531,0.10420372739220636,0.03299721834711654,1.5494158978542574,0.39917885680782006,3.6059028642476254,-0.09033758734099195,0.18278762204572127,0.05075336113978861
27,1.75,4h,3.0,10.0,30.0,90.0,0.5,-0.08,-0.04,0.98,1.02,0.02,0.25,1.0,1.0,0.45,1.0,0.74,0.08,0.02,1.02,0.03,0.16,0.16,0.45,0.5,0.25,6.0,False,0.6230205766373327,1.2185052060068515,-0.012419383733000777,-0.06063787227757067,-0.207193391366314,-0.0823334191338736,0.02206393301725877,0.005457275068347644,0.13484779091722787,0.12272057610867182,1.2514376814034833,-0.0523226821616819,0.03592115771157537,0.00894226122430643,0.6950776989706697,0.20852904653297633,3.576727850860885,-0.026196009439974466,0.0554320256087905,0.012046568336636355
57,2.0,4h,2.0,7.0,21.0,60.0,0.5,-0.05,0.01,1.02,1.01,0.04,0.7,1.0,1.0,0.65,0.35,0.68,0.02,0.0,1.0,0.03,0.0,0.0,0.45,0.5,0.35,6.0,False,0.6204093946376377,2.0,-0.0429965753676288,-0.19746704370667156,-0.18405658826291116,-0.3732778631658279,0.07746552918703031,0.02264506833494324,-0.021915803565096703,-0.020073275091703313,0.011485052915402943,-0.14192507783173403,0.11124821562154937,0.04179878289039531,2.5057826199447484,0.5686482505466859,4.105235879396868,-0.08878486651038597,0.22346964550703347,0.056278930136956486
21,1.6,4h,5.0,15.0,45.0,120.0,0.8,0.05,0.03,1.0,0.99,0.12,0.35,1.0,1.0,0.35,0.75,0.62,0.0,0.02,1.0,0.1,0.0,0.0,0.45,0.5,0.15,6.0,False,0.6120854339963495,1.1832105724535498,-0.036089687706876816,-0.16805299579686306,-0.5227175448924952,-0.22565625289022806,0.01783841954586641,0.006598203669984929,0.14000824471713513,0.12739138209353928,1.191968850876368,-0.05329317959739954,0.05238675007778372,0.010688982671023202,0.7206076984484284,0.21503052485887353,3.5357639485971264,-0.044246818865372184,0.06064438048562359,0.01984334177721081
20,1.6,4h,3.0,10.0,30.0,90.0,0.5,-0.08,0.01,1.0,1.02,0.0,0.18,1.0,1.0,0.45,0.75,0.62,0.0,0.02,1.0,0.03,0.0,0.0,0.45,0.1,0.35,6.0,False,0.6012112995165777,0.9874285714285715,-0.031174598855832514,-0.1466008280497788,-0.5136986754399119,-0.215433358313748,0.0178818495321064,0.007052508235030643,0.1597941655089523,0.14528336077536985,1.696191481372274,-0.03663966113839767,0.03224641739378778,0.008366316063599917,0.5292733495541906,0.16469568851724503,3.790193382056181,-0.02052767181040127,0.032862132975946014,0.006648497550962175
1,1.0,4h,3.0,10.0,30.0,90.0,0.56,-0.08,-0.04,0.98,1.0,0.08,0.35,1.0,1.0,0.65,0.55,0.68,0.0,0.0,1.02,0.16,0.1,0.1,0.45,0.1,0.2,6.0,False,0.6008025651541844,1.0,0.004249115994269692,0.02145063024619187,0.11850664896088327,-0.05681011918165424,0.022230888476549124,0.006043279580498941,0.14094951236353714,0.12824314403080161,1.571393917250019,-0.033397995006639536,0.0436897311558448,0.007561048857858611,0.5767680717730748,0.1775508827572969,3.7466962008700553,-0.021498479703522255,0.05527163783128312,0.010025875725969392
12,1.5,4h,3.0,10.0,30.0,90.0,0.68,-0.08,0.0,0.98,1.01,-0.02,0.25,0.7,0.7,0.45,0.75,0.8,0.08,0.01,1.0,0.16,0.0,0.0,0.45,0.35,0.2,6.0,False,0.5959830069926091,0.9919919939657165,-0.01962637603307793,-0.0944531523954445,-0.40832177803018915,-0.1285619618343513,0.009217834225341665,0.004794146415047094,0.14801479956838182,0.13463468730528527,1.534275005563421,-0.03450300458337818,0.02655795503519742,0.007091402704938301,0.5817504063993848,0.17888496878948001,3.8110505855401686,-0.021326319748328548,0.03407606086141774,0.005048305312802629
39,2.0,4h,2.0,7.0,21.0,60.0,0.56,-0.08,-0.04,1.0,1.04,-0.02,0.5,0.7,0.7,0.35,0.35,0.68,0.0,0.02,1.04,0.06,0.0,0.0,0.45,0.1,0.15,6.0,False,0.5941798528417805,1.4,0.035896083819585645,0.193067129460875,0.5488595584653341,-0.06829519076744184,0.007279693486590037,0.003065134099616858,0.1213254750331414,0.11047273917866307,1.202704066870215,-0.04388586450414511,0.011876247504990018,0.0027944111776447103,0.6835134402535814,0.2055634233324275,3.1698672668330463,-0.031773814556048,0.05699745547073791,0.010687022900763357
16,1.5,4h,3.0,10.0,30.0,90.0,0.56,-0.08,0.03,1.04,1.01,0.02,0.7,0.7,0.7,0.55,0.35,0.8,0.04,0.02,1.0,0.06,0.0,0.0,0.45,0.1,0.35,6.0,False,0.5909336225635455,1.0499999999999998,-0.028328542302458515,-0.13397816462294432,-0.2833349407458548,-0.2792553866302444,0.0361111111111111,0.00900383141762452,0.12062419211707875,0.10983721129359525,1.0853794157953958,-0.053153527160197056,0.05029940119760478,0.01781437125748503,0.7591529368743799,0.22473031926157927,3.905995964286821,-0.0225734036886982,0.046755725190839696,0.016030534351145036
15,1.5,4h,3.0,10.0,30.0,90.0,0.5,-0.05,-0.02,1.0,1.0,0.0,0.25,1.0,1.0,0.45,0.75,0.68,0.08,0.04,1.04,0.06,0.0,0.0,0.45,0.2,0.2,6.0,False,0.5828597070756498,1.233814290492261,-0.011542439096294932,-0.05645523032863564,-0.13210017957473844,-0.1730047500671934,0.01649040505008731,0.0075819226984962075,0.11833268052504997,0.10776032515470813,1.0258167262232925,-0.05939889828964584,0.04661310991929858,0.013794966115177358,0.7707170359778266,0.22761378164375046,3.8686802937212454,-0.02572484445816392,0.05249846759846665,0.014855043505434104
6,1.4,4h,2.0,7.0,21.0,60.0,0.56,-0.08,0.01,1.02,0.99,0.0,0.9,0.7,0.7,0.65,0.35,0.8,0.02,0.02,1.0,0.06,0.16,0.16,0.45,0.35,0.35,6.0,False,0.5815137393688159,0.9799999999999999,0.05965819031174591,0.33649362310739184,1.0728193004974933,-0.04671123077819783,0.020832439837592125,0.007541496377608181,0.09991069597027447,0.09105056080897578,1.2688469830937017,-0.030842222056754687,0.03460602323922492,0.010862059678282764,0.7101113469889115,0.2123650574319218,4.144549638925489,-0.021068510109451877,0.07190234344888816,0.019381230273568032
28,1.75,4h,2.0,7.0,21.0,60.0,0.8,-0.05,-0.02,1.02,1.01,0.12,0.9,0.85,0.85,0.45,0.35,0.68,0.08,0.01,1.0,0.16,0.05,0.05,0.45,0.2,0.35,6.0,False,0.5761767779596294,1.4875,-0.02749646077635337,-0.13025968174418812,-0.21545391510710224,-0.23251821732588251,0.04119572158365262,0.015197956577266924,0.058539244591421236,0.05343699048753847,0.47349396320083365,-0.08485612500818551,0.05697979041916168,0.017814371257485032,1.346049885726754,0.35804936967117174,4.16647339504284,-0.04816366264672034,0.13113867684478372,0.033396946564885496
25,2.0,4h,2.0,7.0,21.0,60.0,0.56,0.0,-0.02,1.02,1.04,-0.02,0.25,1.0,1.0,0.35,1.0,0.68,0.04,0.04,1.0,0.16,0.1,0.1,0.45,0.1,0.2,6.0,False,0.5739411714570988,2.0,0.019267089047584562,0.10023491191478251,0.21880306560236604,-0.22507402092707618,0.036657269169895444,0.014861980682596749,0.07803025866738489,0.0711728467281676,0.48284229638263143,-0.11407618011013054,0.1055277923381096,0.03988107802806052,1.5415395891025425,0.39762588235181817,3.640356453154484,-0.07333844288457803,0.16870221389943854,0.03801680612748182
5,1.3,4h,2.0,7.0,21.0,60.0,0.62,0.05,0.0,1.06,1.0,0.12,0.5,1.0,1.0,0.35,0.75,0.86,0.0,0.01,1.04,0.06,0.0,0.0,0.45,0.2,0.2,6.0,False,0.5696464265832026,1.3,-0.06421563369547434,-0.28266671015504885,-0.4338974103965297,-0.3197344543743392,0.08066244372456588,0.03427936301662602,0.06656580820104407,0.06074409584739393,0.4142942780600827,-0.12144290593000406,0.17763878342959818,0.06355144087546173,1.9388489661932127,0.47241673637370796,3.4510186714736997,-0.10217252052660408,0.2156527762413808,0.060084324245574326
